{
  "project_info": {
    "project_number": "784259658166",
    "firebase_url": "https://email-verification-b2ae2.firebaseio.com",
    "project_id": "email-verification-b2ae2",
    "storage_bucket": "email-verification-b2ae2.appspot.com"
  },
  "client": [
    {
      "client_info": {
        "mobilesdk_app_id": "1:784259658166:android:884562338243f23077d117",
        "android_client_info": {
          "package_name": "com.example.emailverification"
        }
      },
      "oauth_client": [
        {
          "client_id": "784259658166-lnhgrnpnqubd8pot5vp61g7t5voatmbg.apps.googleusercontent.com",
          "client_type": 3
        }
      ],
      "api_key": [
        {
          "current_key": "AIzaSyD4FyQDxSlfJMrpbO3FJAMfSCFUGLZLGbU"
        }
      ],
      "services": {
        "appinvite_service": {
          "other_platform_oauth_client": [
            {
              "client_id": "784259658166-lnhgrnpnqubd8pot5vp61g7t5voatmbg.apps.googleusercontent.com",
              "client_type": 3
            }
          ]
        }
      }
    }
  ],
  "configuration_version": "1"
}